#,SW,SW (t),LW,LW (t),TP (ohm),Temp Probe (*C),TP (t),PT_6 (ohm),PT_6 (*C),PT_6 (t),PT_1 (ohm),PT_1 (*C),PT_1 (t),PT_2 (ohm),PT_2 (*C),PT_2 (t),PT_3 (ohm),PT_3 (*C),PT_3 (t),PT_4 (ohm),PT_4 (*C),PT_4 (t),PT_5 (ohm),PT_5 (*C),PT_5 (t)
0,0.9360352,21:04:52.778596,1.324707,21:04:53.595284,109.7944,25.1546658371198,21:04:54.411738,1214.559,27.932446073978518,21:04:55.244519,1214.606,27.941889329110335,21:04:56.063727,1205.525,26.1133371275162,21:04:56.880543,1206.679,26.346153776888876,21:04:57.712967,1270.85,-309.58878739674435,21:04:58.528786,9.9e+37,0.0,21:04:59.345695
1,0.9091797,21:05:00.181397,-10.74707,21:05:01.015861,109.7646,25.077852156107003,21:05:01.832377,-2.234863,-506.34420412518324,21:05:02.667394,1215.046,28.03028387907488,21:05:03.503302,1205.653,26.139167252586436,21:05:04.320563,9.9e+37,0.0,21:05:05.137578,6.350098,-506.40246164093946,21:05:05.969494,6.71875,-506.39362852553893,21:05:06.787689
