#,SW,SW (t),LW,LW (t),TP (ohm),Temp Probe (*C),TP (t),PT_6 (ohm),PT_6 (*C),PT_6 (t),PT_1 (ohm),PT_1 (*C),PT_1 (t),PT_2 (ohm),PT_2 (*C),PT_2 (t),PT_3 (ohm),PT_3 (*C),PT_3 (t),PT_4 (ohm),PT_4 (*C),PT_4 (t),PT_5 (ohm),PT_5 (*C),PT_5 (t)
0,0.9140625,21:02:51.221690,1.272461,21:02:52.039478,110.2002,26.200842409863803,21:02:52.874120,1212.023,27.42259405490262,21:02:53.692118,1212.163,27.450756765273784,21:02:54.529820,1203.164,25.63660373526324,21:02:55.362207,1204.352,25.87655332250152,21:02:56.179022,1268.475,-309.7783492301178,21:02:56.995927,1213.997,27.819512247495098,21:02:57.813052
