#,SW,SW (t),LW,LW (t),TP (ohm),Temp Probe (*C),TP (t),PT_6 (ohm),PT_6 (*C),PT_6 (t),PT_1 (ohm),PT_1 (*C),PT_1 (t),PT_2 (ohm),PT_2 (*C),PT_2 (t),PT_3 (ohm),PT_3 (*C),PT_3 (t),PT_4 (ohm),PT_4 (*C),PT_4 (t),PT_5 (ohm),PT_5 (*C),PT_5 (t)
0,0.7094727,20:54:17.560490,1.013184,20:54:18.378264,109.2026,23.62953818737427,20:54:19.194294,1200.125,25.022160468329567,20:54:20.012281,1200.045,25.00597327285465,20:54:20.831929,1191.159,23.20402779788716,20:54:21.648516,1192.717,23.520534724181715,20:54:22.464327,1255.934,-310.7827505365004,20:54:23.281438,1202.108,25.423198575045067,20:54:24.098957
