#,SW,SW (t),LW,LW (t),TP (ohm),Temp Probe (*C),TP (t),PT_6 (ohm),PT_6 (*C),PT_6 (t),PT_1 (ohm),PT_1 (*C),PT_1 (t),PT_2 (ohm),PT_2 (*C),PT_2 (t),PT_3 (ohm),PT_3 (*C),PT_3 (t),PT_4 (ohm),PT_4 (*C),PT_4 (t),PT_5 (ohm),PT_5 (*C),PT_5 (t)
0,23.97803,14:22:43.358948,35.13525,14:22:44.572159,108.8047,22.60448869047493,14:22:45.783922,1187.398,22.438981337731445,14:22:47.009831,1188.248,22.612008760873515,14:22:48.642305,1178.601,20.643970324156875,14:22:49.870991,1179.577,20.84350760105203,14:22:51.084029,1242.076,-311.89943132800323,14:22:52.299361,1188.324,22.627475914772884,14:22:53.523113
1,23.97656,14:22:55.577037,35.13428,14:22:56.804719,108.8091,22.615822080857363,14:22:58.018305,1187.368,22.43287316149242,14:22:59.232986,1188.225,22.607327797387757,14:23:00.460481,1178.59,20.6417208892774,14:23:01.674408,1179.563,20.84064607002024,14:23:02.887643,1242.053,-311.90129067729305,14:23:04.108279,1188.298,22.622184585260847,14:23:05.322020
