#,SW,SW (t),LW,LW (t),TP (ohm),Temp Probe (*C),TP (t),PT_6 (ohm),PT_6 (*C),PT_6 (t),PT_1 (ohm),PT_1 (*C),PT_1 (t),PT_2 (ohm),PT_2 (*C),PT_2 (t),PT_3 (ohm),PT_3 (*C),PT_3 (t),PT_4 (ohm),PT_4 (*C),PT_4 (t),PT_5 (ohm),PT_5 (*C),PT_5 (t)
0,38.45459,15:31:17.336113,56.35059,15:31:18.151622,107.958,20.42427551316905,15:31:18.967440,1184.092,21.765315337724953,15:31:19.785265,1184.911,21.932306160131986,15:31:20.681074,1175.395,19.98784089629968,15:31:21.496672,1176.455,20.20489291506693,15:31:22.312704,1238.712,-312.17159432627824,15:31:23.129434,1185.102,21.971240568496256,15:31:23.945120
1,38.45312,15:31:24.781899,56.3501,15:31:25.677503,107.9575,20.42298844284465,15:31:26.493309,1184.085,21.763887774057935,15:31:27.388244,1184.895,21.92904447206737,15:31:28.208719,1175.386,19.985997510906795,15:31:29.101323,1176.44,20.20182222365159,15:31:29.917139,1238.697,-312.1728088567091,15:31:30.734953,1185.089,21.9685906992164,15:31:31.627562
