#,SW,SW (t),LW,LW (t),TP (ohm),Temp Probe (*C),TP (t),PT_6 (ohm),PT_6 (*C),PT_6 (t),PT_1 (ohm),PT_1 (*C),PT_1 (t),PT_2 (ohm),PT_2 (*C),PT_2 (t),PT_3 (ohm),PT_3 (*C),PT_3 (t),PT_4 (ohm),PT_4 (*C),PT_4 (t),PT_5 (ohm),PT_5 (*C),PT_5 (t)
0,20.42432,14:44:55.473078,29.93115,14:44:56.288893,107.5596,19.39888990669176,14:44:57.206469,1179.185,20.763377208612024,14:44:58.025386,1180.272,20.985537169888083,14:44:58.845057,1170.588,19.00208842198329,14:44:59.662871,1171.709,19.232179177113775,14:45:00.480713,1233.704,-312.5775617777111,14:45:01.297492,1180.354,21.002291383050224,14:45:02.202105
