#,SW,SW (t),LW,LW (t),TP (ohm),Temp Probe (*C),TP (t),PT_6 (ohm),PT_6 (*C),PT_6 (t),PT_1 (ohm),PT_1 (*C),PT_1 (t),PT_2 (ohm),PT_2 (*C),PT_2 (t),PT_3 (ohm),PT_3 (*C),PT_3 (t),PT_4 (ohm),PT_4 (*C),PT_4 (t),PT_5 (ohm),PT_5 (*C),PT_5 (t)
0,38.60791,14:21:02.758008,56.59082,14:21:03.580994,108.4854,21.782144397327023,14:21:04.403469,1190.617,23.09386388350578,14:21:05.226803,1191.735,23.321070166529577,14:21:06.049619,1181.825,21.30272983959486,14:21:06.881623,1182.654,21.471949062894893,14:21:07.704608,1245.557,-311.6182532765254,14:21:08.521168,1191.545,23.28246610614238,14:21:09.342195
